"image","title","source","sourceUrl","publishedAt","link"
"https://static01.nyt.com/images/2025/06/17/multimedia/2025-06-19-rubin-observatory-index/2025-06-19-rubin-observatory-index-videoSixteenByNine3000.jpg","At Chile’s Vera Rubin Observatory, Earth’s Largest Camera Surveys the Sky","The New York Times","https://www.nytimes.com","2025-06-19T14:53:48.000Z","https://www.nytimes.com/interactive/2025/06/19/science/rubin-observatory-camera.html"
"https://npr.brightspotcdn.com/dims3/default/strip/false/crop/8640x4860+0+450/resize/1400/quality/100/format/jpeg/?url=http%3A%2F%2Fnpr-brightspot.s3.amazonaws.com%2Fd8%2F26%2Fddf4649444cf903389a8d345091a%2Fap25170259026622.jpg","Israel vows to intensify attacks after Iranian missile hits major hospital","NPR","https://www.npr.org","2025-06-19T10:32:02.000Z","https://www.npr.org/2025/06/19/nx-s1-5439075/israel-iran-conflict-hospital"
"https://static.toiimg.com/thumb/msid-121947693,width-1070,height-580,imgsize-29290,resizemode-75,overlay-toi_sw,pt-32,y_pad-40/photo.jpg","Who is Karen Read? Boston woman acquitted of murdering cop boyfriend in 2022; jury declares her not guilt","Times of India","https://timesofindia.indiatimes.com","2025-06-19T07:06:00.000Z","https://timesofindia.indiatimes.com/world/us/who-is-karen-read-boston-woman-acquitted-of-murdering-cop-boyfriend-in-2022-jury-declares-her-not-guilty/articleshow/121947555.cms"
"https://www.sciencealert.com/images/2025/06/dragon-man-skull-on-black-background.jpg","1930s 'Dragon Man' Finally Gives Elusive Ancient Human Species a Face","ScienceAlert","https://www.sciencealert.com","2025-06-19T13:01:21.000Z","https://www.sciencealert.com/1930s-dragon-man-finally-gives-elusive-ancient-human-species-a-face"
"https://scx2.b-cdn.net/gfx/news/hires/2025/when-earth-iced-over-e.jpg","When Earth iced over, early life may have sheltered in meltwater ponds","Phys.org","https://phys.org","2025-06-19T09:00:07.000Z","https://phys.org/news/2025-06-earth-iced-early-life-meltwater.html"
"https://ichef.bbci.co.uk/news/1024/branded_news/7432/live/fd0a24c0-4cd9-11f0-a697-11f9d0fc9814.jpg","Rwanda and DR Congo agree draft peace deal to end conflict","BBC","https://www.bbc.com","2025-06-19T10:57:47.000Z","https://www.bbc.com/news/articles/cr795jjrnnlo"
"https://i0.wp.com/9to5google.com/wp-content/uploads/sites/4/2025/06/nothing-phone-3-glyph-matrix-1.jpg?resize=1200%2C628&quality=82&strip=all&ssl=1","Nothing Phone (3) has ‘Glyph Matrix’ lights in corner, leaked design was likely wrong [Video]","9to5Google","https://9to5google.com","2025-06-19T13:25:00.000Z","https://9to5google.com/2025/06/19/nothing-phone-3-glyph-matrix-leaked-design/"
"https://npr.brightspotcdn.com/dims3/default/strip/false/crop/4000x2250+0+208/resize/1400/quality/100/format/jpeg/?url=http%3A%2F%2Fnpr-brightspot.s3.amazonaws.com%2F59%2F60%2Fa72ff26842b79405ea62bf8714a4%2Fmoth.jpeg","How migrating Australian moths find caves hundreds of miles away","NPR","https://www.npr.org","2025-06-18T17:33:12.000Z","https://www.npr.org/2025/06/18/nx-s1-5434328/how-migrating-australian-moths-find-caves-hundreds-of-miles-away"
"https://cdn.mos.cms.futurecdn.net/8r9KBfsHgxXjcgQAouDtRb.jpg","2 Chinese spacecraft just met up 22,000 miles above Earth. What were they doing?","Space","https://www.space.com","2025-06-18T20:00:00.000Z","https://www.space.com/space-exploration/satellites/2-chinese-spacecraft-just-met-up-22-000-miles-above-earth-what-were-they-doing"
"https://ichef.bbci.co.uk/news/1024/branded_news/da02/live/eb6293d0-4cf5-11f0-b48b-8b6357a99d04.jpg","What are the risks of bombing Iran's nuclear sites?","BBC","https://www.bbc.com","2025-06-19T09:56:46.000Z","https://www.bbc.com/news/articles/c5ykjvl1y9jo"
"https://www.cnet.com/a/img/resize/d8efd8982deee0ce729c8a8c57c89aa2034e7a95/hub/2025/06/18/4cbecd7f-3a18-49fa-abec-58699931b968/selfie-xreal-one-pro-wwdc.jpg?auto=webp&fit=crop&height=675&width=1200","I Tried the Future of Smart Glasses at WWDC. They Weren't Made by Apple","CNET","https://www.cnet.com","2025-06-19T13:00:00.000Z","https://www.cnet.com/tech/computing/i-tried-the-future-of-smart-glasses-at-wwdc-they-werent-made-by-apple/"
"https://cdn.mos.cms.futurecdn.net/d4zUK2Z7CoSeXJugPM9ydD.png","'The models were right!' Astronomers locate universe's 'missing' matter in the largest cosmic structures","Space","https://www.space.com","2025-06-19T10:00:00.000Z","https://www.space.com/astronomy/astronomers-turn-up-missing-matter-in-the-largest-structures-in-the-cosmos-the-models-were-right"
"https://spacenews.com/wp-content/uploads/2025/06/firefly-ocula.jpeg","Firefly announces commercial lunar imagery service","SpaceNews","https://spacenews.com","2025-06-18T20:36:23.000Z","https://spacenews.com/firefly-announces-commercial-lunar-imagery-service/"
"https://ychef.files.bbci.co.uk/624x351/p0lk22xm.jpg","The island city where Juneteenth was born","BBC","https://www.bbc.com","2025-06-19T12:36:34.000Z","https://www.bbc.com/travel/article/20250618-the-island-city-where-juneteenth-was-born"
"https://www.reuters.com/resizer/v2/EFVNWZMOXVLSNGVK77UW4I7C6Q.jpg?auth=564c0aaa1ba3904d858c8438dff3cf691eca7d2ba8cf8e711d02d46c6be0f4c2&height=1005&width=1920&quality=80&smart=true","Israel's airstrikes aim to break foundations of Khamenei's rule in Iran","Reuters","https://www.reuters.com","2025-06-19T14:03:31.000Z","https://www.reuters.com/world/middle-east/israels-airstrikes-aim-break-foundations-khameneis-rule-iran-2025-06-19/"
"https://static01.nyt.com/images/2025/06/19/multimedia/19int-nato-spending-lzft/19int-nato-spending-lzft-videoSixteenByNine3000.jpg","Trying to Satisfy Trump, NATO Is Running Into Difficulties","The New York Times","https://www.nytimes.com","2025-06-19T09:02:14.000Z","https://www.nytimes.com/2025/06/19/world/europe/nato-spending-russia-trump.html"
"https://image.cnbcfm.com/api/v1/image/108161505-17503343152025-06-19t090621z_1168798396_rc2k5faxusqv_rtrmadp_0_space-exploration-spacex-explosion.jpeg?v=1750334348&w=1920&h=1080","SpaceX's Starship explodes during routine test in Texas","CNBC","https://www.cnbc.com","2025-06-19T08:54:25.000Z","https://www.cnbc.com/2025/06/19/spacexs-starship-explodes-during-routine-test-in-texas.html"
"https://assets.science.nasa.gov/dynamicimage/assets/science/cds/svs/a020000/a020300/a020310/SolarWind_v03.00050_print.jpg","NASA Scientists Find Ties Between Earth’s Oxygen and Magnetic Field","NASA Science (.gov)","https://science.nasa.gov","2025-06-18T17:17:55.000Z","https://science.nasa.gov/earth/earth-oxygen-magnetic-field-linked/"
"https://s.abcnews.com/images/US/abc_news_default_2000x2000_update_16x9_992.jpg","Minnesota state Sen. Hoffman credits daughter for 'saving countless other lives'","ABC News - Breaking News, Latest News and Videos","https://abcnews.go.com","2025-06-19T15:28:55.000Z","https://abcnews.go.com/US/minnesota-state-sen-hoffman-credits-daughter-saving-countless/story?id"
"https://cdn.wccftech.com/wp-content/uploads/2025/06/iPhone-18-2-1456x819.jpg","iPhone 18 Pro, iPhone 18 Pro Max Display Sizes Shared By Tipster, Flagships To Feature LTPO Panels With A Circular Punch-Hole Cutout, Signaling An End To The Pill-Shaped Design","Wccftech","https://wccftech.com","2025-06-19T08:27:00.000Z","https://wccftech.com/iphone-18-pro-max-display-sizes-revealed-with-punch-hole-cutout-instead-of-pill-shape/"
"https://www.commondreams.org/media-library/image.jpg?id=61074630&width=1200&height=600&coordinates=0%2C85%2C0%2C86","Trump Reportedly Greenlights Plan for US Attack on Iran Without Congressional Approval","Common Dreams","https://www.commondreams.org","2025-06-19T11:20:19.000Z","https://www.commondreams.org/news/trump-approves-iran-attack"
"https://media.cnn.com/api/v1/images/stellar/prod/ap25170208498684.jpg?c=16x9&q=w_800,c_fill","How a leaked phone call between a former strongman and a young leader could topple a government","CNN","https://www.cnn.com","2025-06-19T09:20:00.000Z","https://www.cnn.com/2025/06/19/asia/thailand-cambodia-border-dispute-paetongtarn-intl-hnk"
"https://i.guim.co.uk/img/media/de00bf079ce668997039c6641087f338acb728b7/0_0_4088_3272/master/4088.jpg?width=1200&height=630&quality=85&auto=format&fit=crop&overlay-align=bottom%2Cleft&overlay-width=100p&overlay-base64=L2ltZy9zdGF0aWMvb3ZlcmxheXMvdGctZGVmYXVsdC5wbmc&enable=upscale&s=7a57e2ce5f21a273f5e1d6d336dcb89c","Were the No Kings protests the largest single-day demonstration in American history?","The Guardian","https://www.theguardian.com","2025-06-19T15:52:00.000Z","https://www.theguardian.com/us-news/2025/jun/19/no-kings-how-many-protesters-attended"
"https://i.dailymail.co.uk/1s/2025/06/19/09/99524653-0-image-a-2_1750322757283.jpg","Life on Mars: Humans will live in huge 'space oases' on the Red Planet in just 15 years, European Space Agency predicts","Daily Mail","https://www.dailymail.co.uk","2025-06-19T09:28:10.000Z","https://www.dailymail.co.uk/sciencetech/article-14827603/mars-humans-space-oases-european-agency.html"
"https://static01.nyt.com/images/2025/06/19/multimedia/19dc-debtlimit-zwpt/19dc-debtlimit-zwpt-videoSixteenByNineJumbo1600.jpg","Record Debt Limit Increase Would Break Republican Precedent","The New York Times","https://www.nytimes.com","2025-06-19T13:04:45.000Z","https://www.nytimes.com/2025/06/19/business/national-debt-limit-republicans.html"
"https://s.yimg.com/ny/api/res/1.2/9E0EDAlEeTKfkqKbvFVIBw--/YXBwaWQ9aGlnaGxhbmRlcjt3PTEyMDA7aD02NzU7Y2Y9d2VicA--/https://s.yimg.com/os/creatr-uploaded-images/2025-06/e96f5b80-4c96-11f0-be3f-71066bc085dc","Video Games Weekly: Mario Kart World is the opposite of punishing","Engadget","https://www.engadget.com","2025-06-19T11:00:39.000Z","https://www.engadget.com/gaming/video-games-weekly-mario-kart-world-is-the-opposite-of-punishing-110039837.html"
"https://www.washingtonpost.com/wp-apps/imrs.php?src=https://arc-anglerfish-washpost-prod-washpost.s3.amazonaws.com/public/T6L4IHXZIUTW2ZIBUZ6IT2BTJM_size-normalized.jpg&w=1440","A heat dome is about to bring extreme heat and humidity to more than 200 million","The Washington Post","https://www.washingtonpost.com","2025-06-19T17:05:57.000Z","https://www.washingtonpost.com/weather/2025/06/19/maps-extreme-heat-humidity-forecast/"
"https://www.aljazeera.com/wp-content/uploads/2025/06/INTERACTIVE-poster-GBU-57-bunker-buster-1750312444.png?resize=1200%2C630","Why Israel wants US bunker busters to hit Iran’s Fordow nuclear site","Al Jazeera","https://www.aljazeera.com","2025-06-19T07:16:25.000Z","https://www.aljazeera.com/news/2025/6/19/why-israel-wants-us-bunker-busters-to-hit-irans-fordow-nuclear-site"
"https://thinkstewartville.com/wp-content/uploads/2025/06/thinkstewartville.com-auto-draft-6480846130354-2025-06-17t092501.730.jpg","50 years later, a quantum mystery has finally been solved.","Stewartville Star","https://thinkstewartville.com","2025-06-19T02:31:00.000Z","https://thinkstewartville.com/2025/06/18/50-years-later-a-quantum-mystery-has-finally-been-solved/"
"https://www.reuters.com/resizer/v2/4L2OWXXGTNK7LCGO3O4XFFXXRU.jpg?auth=b51a5ff1f5d4db9fe8b125a36ce3feee060dcdca65077ac426d29bdd6fb9de67&height=1005&width=1920&quality=80&smart=true","Nearby Sculptor galaxy revealed in ultra-detailed galactic image","Reuters","https://www.reuters.com","2025-06-18T15:25:28.000Z","https://www.reuters.com/science/nearby-sculptor-galaxy-revealed-ultra-detailed-galactic-image-2025-06-18/"
"https://media-cldnry.s-nbcnews.com/image/upload/t_nbcnews-fp-1200-630,f_auto,q_auto:best/rockcms/2025-06/250618-tiktok-ch-1034-1dcd72.jpg","Trump extends TikTok ban deadline by another 90 days","NBC News","https://www.nbcnews.com","2025-06-19T15:29:00.000Z","https://www.nbcnews.com/tech/social-media/trump-extends-tiktok-ban-deadline-another-90-days-rcna213720"
"https://i.guim.co.uk/img/media/191ee05901b0a08b6b116f58ec2b5b935095ba4a/250_0_2500_2000/master/2500.jpg?width=1200&height=630&quality=85&auto=format&fit=crop&overlay-align=bottom%2Cleft&overlay-width=100p&overlay-base64=L2ltZy9zdGF0aWMvb3ZlcmxheXMvdGctZGVmYXVsdC5wbmc&enable=upscale&s=1976bc79f9e9f2264c2aad1f77f0f786","New York mayoral candidate arrested by Ice: ‘Trump is looking to stoke conflict, weaponize fear’","The Guardian","https://www.theguardian.com","2025-06-19T15:58:00.000Z","https://www.theguardian.com/us-news/2025/jun/19/new-york-mayoral-candidate-brad-lander-interview"
"https://www.syracuse.com/resizer/v2/6RRMR72LHVGOHLZLK3INHYV2BU.jpg?auth=d7043c18519c2476afac5a6a94063de91b8d66d351ca0a346a5ae04937c0e883&width=1280&quality=90","Man accused of raping girl in woods charged with abusing third girl to make child pornography","Syracuse.com","https://www.syracuse.com","2025-06-19T15:23:00.000Z","https://www.syracuse.com/crime/2025/06/man-accused-of-raping-girl-in-woods-charged-with-abusing-third-victim-to-make-child-pornography.html"
"https://spacenews.com/wp-content/uploads/2025/06/monaluna-pas25.jpeg","Venturi Space announces European lunar rover design","SpaceNews","https://spacenews.com","2025-06-18T09:00:19.000Z","https://spacenews.com/venturi-space-announces-european-lunar-rover-design/"
"https://ichef.bbci.co.uk/news/1024/branded_news/187c/live/ecb1af70-4cfd-11f0-aaab-4f9656e5835c.png","Starmer urges diplomacy as Trump considers Iran attack","BBC","https://www.bbc.com","2025-06-19T15:12:34.000Z","https://www.bbc.com/news/articles/cd978ej1jv0o"
"https://ichef.bbci.co.uk/news/1024/branded_news/324a/live/bfe905e0-4cfa-11f0-aaab-4f9656e5835c.jpg","At least 12 Palestinians killed waiting for aid in Gaza, say medics","BBC","https://www.bbc.com","2025-06-19T15:07:55.000Z","https://www.bbc.com/news/articles/c0ep17gyzrzo"
"https://cdn.mos.cms.futurecdn.net/AdqrhobAj7CGFbLQctptxj.jpg","Colossal solar flare erupts from Earth-facing sunspot, sparking strong radio blackouts over Pacific Ocean (video)","Space","https://www.space.com","2025-06-18T12:16:57.000Z","https://www.space.com/astronomy/sun/colossal-solar-flare-erupts-from-earth-facing-sunspot-sparking-strong-radio-blackouts-over-pacific-ocean-video"
"https://kubrick.htvapps.com/htv-prod-media.s3.amazonaws.com/images/trout-fire-near-silver-city-in-grant-county-new-mexico-68541a36cbba7.jpg?crop=0.998xw:1.00xh;0.00163xw,0&resize=640:*","Evacuations ordered for wildfires in southwest New Mexico","KOAT","https://www.koat.com","2025-06-19T14:22:00.000Z","https://www.koat.com/article/new-mexico-fire-evacuations-trout-7-springs/65101119"
"https://assetsio.gnwcdn.com/Donkey-Kong-Bananza-Direct-%E2%80%93-18_06_2025-39-41-screenshot-(1).png?width=1200&height=630&fit=crop&enable=upscale&auto=webp","DK Rap composer wasn't aware ""the worst rap track in the history of rap tracks"" would be included in Donkey Kong Bananza","Eurogamer","https://www.eurogamer.net","2025-06-19T08:55:51.000Z","https://www.eurogamer.net/dk-rap-composer-wasnt-aware-the-worst-rap-track-in-the-history-of-rap-tracks-would-be-included-in-donkey-kong-bananza"
"https://npr.brightspotcdn.com/dims3/default/strip/false/crop/2016x1134+0+132/resize/1400/quality/100/format/jpeg/?url=http%3A%2F%2Fnpr-brightspot.s3.amazonaws.com%2F0a%2F38%2Fbe44674c419987f6ce401db55e38%2Fimg-2992.jpg","As courts review military in L.A., immigration enforcement accelerates","NPR","https://www.npr.org","2025-06-19T16:10:56.000Z","https://www.npr.org/2025/06/19/g-s1-73569/as-courts-review-military-in-l-a-immigration-enforcement-accelerates"
"https://www.nasa.gov/wp-content/uploads/2025/06/ceb-1407.jpg","NASA Engineers Simulate Lunar Lighting for Artemis III Moon Landing","NASA (.gov)","https://www.nasa.gov","2025-06-17T18:05:37.000Z","https://www.nasa.gov/directorates/esdmd/artemis-campaign-development-division/human-landing-system-program/nasa-engineers-simulate-lunar-lighting-for-artemis-iii-moon-landing/"
"https://www.sammyfans.com/wp-content/uploads/2025/06/samsung-galaxy-s24-ultra-camera-img1-1000x576.jpg","Samsung Galaxy S24 took its first big step toward One UI 8 (Android 16)","Sammy Fans","https://www.sammyfans.com","2025-06-19T04:58:10.000Z","https://www.sammyfans.com/2025/06/19/samsung-galaxy-s24-took-its-first-big-step-toward-one-ui-8-android-16/"
"https://img1-azrcdn.newser.com/image/1617480-12-20250619091217.jpeg","Finland Makes New Move to Defend Itself From Russia","Newser","https://www.newser.com","2025-06-19T13:49:00.000Z","https://www.newser.com/story/370570/finland-votes-to-exit-treaty-ending-land-mines.html"
"https://dailygalaxy.com/wp-content/uploads/2025/06/Electron-Beam-Processing.jpg","The U.S. Is Once Again Set to Take the Lead in Global Innovation After Breaking the Record for the Most Powerful Electron Beam","The Daily Galaxy","https://dailygalaxy.com","2025-06-19T11:52:00.000Z","https://dailygalaxy.com/2025/06/the-u-s-is-once-again-set-to-take-the-lead-in-global-innovation-after-breaking-the-record-for-the-most-powerful-electron-beam/"
"https://cdn.mos.cms.futurecdn.net/8Ge3WXJvLCThewfh5MqUCQ.jpg","Rokid’s new AR glasses are pretty much a face-hugging laptop in disguise","Android Central","https://www.androidcentral.com","2025-06-19T04:05:43.000Z","https://www.androidcentral.com/gaming/virtual-reality/rokids-new-ar-glasses-are-basically-a-laptop-you-wear-on-your-face"
"https://npr.brightspotcdn.com/dims3/default/strip/false/crop/3984x2241+0+313/resize/1400/quality/100/format/jpeg/?url=http%3A%2F%2Fnpr-brightspot.s3.amazonaws.com%2F73%2F38%2F3226af9444648a8aa07fdf724d81%2Fgettyimages-2220386261.jpg","Despite new challenges, Juneteenth event organizers are unbowed","NPR","https://www.npr.org","2025-06-19T09:00:00.000Z","https://www.npr.org/2025/06/19/nx-s1-5011584/juneteenth-celebrations-safety-concerns"
"https://www.hindustantimes.com/ht-img/img/2025/06/19/1600x900/17_p_1744880093305_1750329714029.png","iPhone 17 Pro launch: After using the iPhone 16 Pro, here are 4 things Apple needs to fix this year - Hindustan Times","Hindustan Times","https://www.hindustantimes.com","2025-06-19T10:56:26.000Z","https://www.hindustantimes.com/technology/iphone-17-pro-launch-after-using-the-iphone-16-pro-here-are-4-things-apple-needs-to-fix-this-year-101750329558711.html"
"https://assets.iflscience.com/assets/articleNo/79680/aImg/84598/nasa-voyager-meta.png","The Last Time NASA's Voyager ""Looked Back"" At Our Solar System, This Is What It Saw","IFLScience","https://www.iflscience.com","2025-06-19T13:25:23.000Z","https://www.iflscience.com/the-last-time-nasas-voyager-looked-back-at-our-solar-system-this-is-what-it-saw-79680"
"https://imageio.forbes.com/specials-images/imageserve/684036b519a3b949b5d1b73b/0x0.jpg?format=jpg&crop=670,377,x0,y0,safe&height=900&width=1600&fit=bounds","NASA Spacecraft ‘Touches Sun’ For Final Time In Defining Moment For Humankind","Forbes","https://www.forbes.com","2025-06-19T07:25:00.000Z","https://www.forbes.com/sites/jamiecartereurope/2025/06/19/nasa-spacecraft-touches-sun-for-final-time-in-defining-moment-for-humankind/"
"https://www.politico.eu/cdn-cgi/image/width=1200,height=630,fit=crop,quality=80,onerror=redirect/wp-content/uploads/2025/06/19/13127038-scaled.jpg","Spain wants exemption from NATO’s 5 percent defense spending target","politico.eu","https://www.politico.eu","2025-06-19T15:15:00.000Z","https://www.politico.eu/article/spain-nato-summit-5-percent-defense-spending-target-perdo-sanchez-military-donald-trump/"
"https://www.reuters.com/resizer/v2/7TA43WBLDFPAHK3VCBNUSADN3E.jpg?auth=908fbd48369542be8e4e5a6361ff7b6273be81f45c83db76d64671a85da05ce1&height=1005&width=1920&quality=80&smart=true","Israeli official says 'it was a mistake' to say Bushehr was hit","Reuters","https://www.reuters.com","2025-06-19T11:45:16.000Z","https://www.reuters.com/world/middle-east/israeli-military-says-it-struck-nuclear-sites-including-bushehr-gulf-coast-2025-06-19/"
"https://nasawatch.com/wp-content/uploads/2025/06/NASA-Goddard-2.png","Message to NASA Goddard Employees: One Departure – Soon, Many","NASA Watch","https://nasawatch.com","2025-06-19T00:06:36.000Z","https://nasawatch.com/personnel-news/message-to-nasa-goddard-employees-one-departure-soon-many/"
"https://c02.purpledshub.com/uploads/sites/62/2025/06/Bolg-amondol.jpeg?w=1200","Why ancient 'goblin' bones found in Utah are a truly monstrous discovery","BBC Wildlife Magazine","https://www.discoverwildlife.com","2025-06-18T00:10:34.000Z","https://www.discoverwildlife.com/prehistoric-life/bolg-amondol-utah"
"https://images.macrumors.com/t/9CE4h8qOTWvPED6L4E8x2jiY5r8=/2250x/article-new/2021/03/Facebook-Feature.jpg","Facebook Now Supports Passkeys for Passwordless Login on iPhone and iPad","MacRumors","https://www.macrumors.com","2025-06-18T22:46:14.000Z","https://www.macrumors.com/2025/06/18/meta-facebook-passkey-support/"
"https://ca-times.brightspotcdn.com/dims4/default/7d935e4/2147483647/strip/true/crop/1620x851+0+115/resize/1200x630!/quality/75/?url=https%3A%2F%2Fcalifornia-times-brightspot.s3.amazonaws.com%2F0d%2F0a%2F42dc570347b0a925dd9b7daf9ca5%2Fwk-the-people-who-travel-to-lompoc-to-watch-rocket-launches-01.JPG","‘Your bones rattle’: The thrill of chasing rocket launches in this California coastal town","Los Angeles Times","https://www.latimes.com","2025-06-19T10:00:00.000Z","https://www.latimes.com/travel/story/2025-06-19/rocket-launches-vandenberg-space-force-base-lompoc-travel"
"https://images.jpost.com/image/upload/f_auto,fl_lossy/q_auto/c_fill,g_faces:center,h_720,w_1280/668823","Iranian attack on hospital is a serious escalation - Israeli health min.","The Jerusalem Post","https://www.jpost.com","2025-06-19T10:34:28.000Z","https://www.jpost.com/israel-news/article-858307"
"https://images.macrumors.com/t/_bPRETWPjONRx9IzuG8sEwhiv-I=/1600x/article-new/2025/06/apple_record_transcribe_phone_calls.jpeg","Apple's New Transcription APIs Blow Past Whisper in Speed Tests","MacRumors","https://www.macrumors.com","2025-06-18T11:01:30.000Z","https://www.macrumors.com/2025/06/18/apple-transcription-api-faster-than-whisper/"
"https://imageio.forbes.com/specials-images/imageserve/6851d53258ecb1f7ef45b621/0x0.jpg?format=jpg&crop=1149,646,x0,y278,safe&height=900&width=1600&fit=bounds","‘City Killer’ Asteroid Could Now Hit The Moon — What To Know","Forbes","https://www.forbes.com","2025-06-18T10:00:00.000Z","https://www.forbes.com/sites/jamiecartereurope/2025/06/18/city-killer-asteroid-could-now-hit-the-moon---what-to-know/"
"https://www.sciencealert.com/images/2025/06/axolotl.jpg","Axolotl Discovery Brings Us Closer Than Ever to Regrowing Human Limbs","ScienceAlert","https://www.sciencealert.com","2025-06-19T00:15:34.000Z","https://www.sciencealert.com/axolotl-discovery-brings-us-closer-than-ever-to-regrowing-human-limbs"
"https://dailygalaxy.com/wp-content/uploads/2025/06/Sea-Spiders-Are-Grazing-on-Methane—Theyre-Changing-What-We-Know-About-the-Oceans-Depths.jpg","Sea Spiders Are Grazing on Methane—They’re Changing What We Know About the Ocean's Depths","The Daily Galaxy","https://dailygalaxy.com","2025-06-18T19:00:00.000Z","https://dailygalaxy.com/2025/06/sea-spiders-are-grazing-on-methane/"
"https://m-cdn.phonearena.com/images/article/171462-wide-two_1200/These-are-likely-all-the-Samsung-Galaxy-Watch-8-Watch-8-Classic-and-Watch-Ultra-2025-colorways.jpg","These are (likely) all the Samsung Galaxy Watch 8, Watch 8 Classic, and Watch Ultra (2025) colorways","PhoneArena","https://www.phonearena.com","2025-06-18T12:10:59.000Z","https://www.phonearena.com/news/samsung-galaxy-watch-8-watch-8-classic-watch-ultra-2025-all-color-options-revealed_id171462"
"https://s.abcnews.com/images/US/abc_news_default_2000x2000_update_16x9_992.jpg","Republicans uncover no new intel on Biden during hearing on his cognitive abilities in office","ABC News - Breaking News, Latest News and Videos","https://abcnews.go.com","2025-06-18T18:36:35.000Z","https://abcnews.go.com/Politics/republicans-uncover-new-intel-biden-hearing-cognitive-abilities/story?id"
"https://dailygalaxy.com/wp-content/uploads/2025/06/Scientists-Say-Theres-Now-a-40-Chance-Planet-Nine-Is-Lurking-in-Our-Solar-System.jpg","Scientists Say There’s Now a 40% Chance Planet Nine Is Lurking in Our Solar System!","The Daily Galaxy","https://dailygalaxy.com","2025-06-18T15:00:00.000Z","https://dailygalaxy.com/2025/06/40-chance-planet-nine-lurking-solar-system/"
"https://cnycentral.com/resources/media2/16x9/922/986/27x0/90/1f629d40-0e6a-4e06-b8e9-233ef98a8489-SPC619.PNG","Strong to severe thunderstorms possible tonight in CNY","WSTM","https://cnycentral.com","2025-06-19T13:09:59.000Z","https://cnycentral.com/news/local/strong-to-severe-thunderstorms-possible-tonight-in-cny-06-19-2025"
"https://dailygalaxy.com/wp-content/uploads/2025/06/Strange-Modern-Structures-Found-at-the-Bottom-of-the-Arctic-Ocean—What-Are-They.jpg","Strange ‘Modern’ Structures Found at the Bottom of the Arctic Ocean—What Are They?","The Daily Galaxy","https://dailygalaxy.com","2025-06-18T19:30:00.000Z","https://dailygalaxy.com/2025/06/strange-modern-structures-arctic-ocean/"
"https://dailygalaxy.com/wp-content/uploads/2025/06/Dinosaur-hunter-staring-with-horrible-yellow-eyes.jpg","Meet The 'Prince of Dragons': The Dino Who Shaped the T. rex Legacy and Started the Tyrannosaur Dynasty","The Daily Galaxy","https://dailygalaxy.com","2025-06-18T10:45:00.000Z","https://dailygalaxy.com/2025/06/meet-the-prince-of-dragons-the-dino-who-shaped-the-t-rex-legacy-and-started-the-tyrannosaur-dynasty/"
"https://i0.wp.com/9to5mac.com/wp-content/uploads/sites/6/2023/09/iPhone-15-Pro-Max-sales.jpg?resize=1200%2C628&quality=82&strip=all&ssl=1","See the hacked iPhone camera Apple built to shoot real race scenes for F1 The Movie","9to5Mac","https://9to5mac.com","2025-06-18T12:43:00.000Z","https://9to5mac.com/2025/06/18/f1-iphone-custom-camera/"
"https://s.yimg.com/ny/api/res/1.2/6x9tAP3MqNTuZY8DiKGywQ--/YXBwaWQ9aGlnaGxhbmRlcjt3PTEyMDA7aD02NzY-/https://media.zenfs.com/en/popular_mechanics_642/d250718d5b5daa90106d3a774c513ba1","Scientists Produced a Particle of Light That Simultaneously Accessed 37 Different Dimensions","Yahoo","https://www.yahoo.com","2025-06-18T18:49:00.000Z","https://www.yahoo.com/news/scientists-produced-particle-light-simultaneously-184900672.html"
"https://s.abcnews.com/images/US/abc_news_default_2000x2000_update_16x9_992.jpg","'Any illegal immigrants?' Trump questions workers installing White House flagpoles","ABC News - Breaking News, Latest News and Videos","https://abcnews.go.com","2025-06-19T03:22:30.000Z","https://abcnews.go.com/US/illegal-immigrants-trump-questions-workers-installing-white-house/story?id"
"https://cff2.earth.com/uploads/2025/06/18094143/fossilized-fish-15-million-years-ago-last-meal-intact-stomach_1m.jpg","Fossilized fish that lived 15 million years ago still has preserved food in its stomach","Earth.com","https://www.earth.com","2025-06-18T21:01:28.000Z","https://www.earth.com/news/fossilized-fish-lived-15-million-years-ago-still-has-preserved-food-in-stomach-ferruaspis-brocksi/"
"https://imageio.forbes.com/specials-images/imageserve/6851d3a643d35e0e975f176d/0x0.jpg?format=jpg&crop=859,482,x0,y17,safe&height=900&width=1600&fit=bounds","China Loses Big In Israel-Iran Conflict","Forbes","https://www.forbes.com","2025-06-18T13:00:00.000Z","https://www.forbes.com/sites/wesleyhill/2025/06/18/china-loses-big-in-israel-iran-conflict/"
"https://s.france24.com/media/display/fa828bee-4cdd-11f0-aa97-005056a90284/w:1280/p:16x9/c2dacf8933f30fa6eacb97b99aaf78158fafc4e4.jpg","Govts scramble to evacuate citizens from Israel and Iran","France 24","https://www.france24.com","2025-06-19T07:21:13.000Z","https://www.france24.com/en/live-news/20250619-govts-scramble-to-evacuate-citizens-from-israel-iran"
"https://media.cnn.com/api/v1/images/stellar/prod/2025-06-02t050133z-1900444469-rc2vtea24153-rtrmadp-3-usa-colorado-fbi.JPG?c=16x9&q=w_800,c_fill","Wife of Colorado attack suspect says she and her 5 children are ‘suffering’ in ICE custody","CNN","https://www.cnn.com","2025-06-19T02:17:00.000Z","https://www.cnn.com/2025/06/18/us/colorado-attack-suspect-family-ice-detention"
"https://www.sltrib.com/resizer/v2/https%3A%2F%2Fcloudfront-us-east-1.images.arcpublishing.com%2Fsltrib%2FDG5MSYHNSZHVJDXXRZNTQALCGQ.jpg?auth=431a51cec74a49926d6f80d0ad3d297d7ee517bac3cc18082cb80d08781e30eb&width=1200","From ski resorts to popular trails, see the public land Mike Lee proposes selling across the West","The Salt Lake Tribune","https://www.sltrib.com","2025-06-18T17:48:45.000Z","https://www.sltrib.com/news/environment/2025/06/18/mike-lee-heres-public-land-that/"
"https://www.videogameschronicle.com/files/2025/04/switch-2-japanese-games.jpg","Third-party Switch 2 game sales have started off slow, with one publisher selling ‘below our lowest estimates’","Video Games Chronicle","https://www.videogameschronicle.com","2025-06-19T14:46:36.000Z","https://www.videogameschronicle.com/news/third-party-switch-2-game-sales-have-started-off-slow-with-one-publisher-selling-below-our-lowest-estimates/"
"https://cdn.mos.cms.futurecdn.net/r37N9dfoFRsvfLcJkdnfnV.jpg","Satellite coated in ultra-dark 'Vantablack' paint will launch into space next year to help combat major issue","Live Science","https://www.livescience.com","2025-06-18T15:17:42.000Z","https://www.livescience.com/space/space-exploration/satellite-coated-in-ultra-dark-vantablack-paint-will-launch-into-space-next-year-to-help-combat-major-issue"
"https://static-cdn.toi-media.com/www/uploads/2025/06/F250619CG115.jpg","Ratcheting up threats, defense minister says Iran’s Khamenei ‘cannot continue to exist’","The Times of Israel","https://www.timesofisrael.com","2025-06-19T14:15:00.000Z","https://www.timesofisrael.com/ratcheting-up-threats-defense-minister-says-irans-khamenei-cannot-continue-to-exist/"
"https://imageio.forbes.com/specials-images/imageserve/6687e04c8c1bdb7dd76b1118/0x0.jpg?format=jpg&height=900&width=1600&fit=bounds","16 Billion Apple, Facebook, Google And Other Passwords Leaked — Act Now","Forbes","https://www.forbes.com","2025-06-19T11:45:00.000Z","https://www.forbes.com/sites/daveywinder/2025/06/19/16-billion-apple-facebook-google-passwords-leaked---change-yours-now/"
"https://cdn.mos.cms.futurecdn.net/a84JN8Dokcv9pK3AHUbUHD.jpg","See the moon rise alongside the giant planets Neptune and Saturn predawn on June 19","Space","https://www.space.com","2025-06-18T21:00:00.000Z","https://www.space.com/stargazing/see-the-moon-rise-alongside-the-giant-planets-neptune-and-saturn-predawn-on-june-19"
"https://ichef.bbci.co.uk/news/1024/branded_news/b13a/live/54e69b00-4c27-11f0-ac5b-1dcff18d9d54.jpg","Three years left to limit warming to 1.5C, top scientists warn","BBC","https://www.bbc.com","2025-06-19T00:04:28.000Z","https://www.bbc.com/news/articles/cn4l927dj5zo"
"https://img.haarets.co.il/bs/00000197-83b6-d81d-afd7-f7bfb9bc0001/01/18/7267ab9d4b04b0239668a59683c1/231808.jpg?height=630&width=1200","Israel and Iran at War: 'Trump and Netanyahu Set a Trap for the Iranians' - Podcasts","Haaretz","https://www.haaretz.com","2025-06-18T17:43:00.000Z","https://www.haaretz.com/israel-news/podcasts/2025-06-18/ty-article-podcast/israel-and-iran-at-war-trump-and-netanyahu-set-a-trap-for-the-iranians/00000197-83b0-d01a-a3f7-93fdf1110000"
"https://static1.anpoimages.com/wordpress/wp-content/uploads/wm/2024/09/youtube-tv-no-wm-2.jpg","YouTube TV is giving out a $10 discount, but you have to look for it","Android Police","https://www.androidpolice.com","2025-06-17T21:14:00.000Z","https://www.androidpolice.com/youtube-tv-new-10-dollar-discount/"
"https://assets3.cbsnewsstatic.com/hub/i/r/2025/06/18/cae5096c-068d-47fb-b3b9-d10f53a49702/thumbnail/1200x630/5534d6f4da9097ba4235deb635af1463/image-1.png?v=64f55bb7ef9382fe7916b907da543f1f","U.S. plans to combat spread of ""man-eater"" screwworms with $8.5M facility of flies in Texas","CBS News","https://www.cbsnews.com","2025-06-18T23:55:28.000Z","https://www.cbsnews.com/news/usda-new-world-screwworms-response-proposal-texas/"
"https://dailygalaxy.com/wp-content/uploads/2025/06/NASAs-Curiosity-Rover-Spots-Mysterious-Mushroom-on-Mars—Could-This-Be-a-Sign-of-Life.jpg","NASA’s Curiosity Rover Spots Mysterious 'Mushroom' on Mars—Could This Be a Sign of Life?","The Daily Galaxy","https://dailygalaxy.com","2025-06-18T16:00:00.000Z","https://dailygalaxy.com/2025/06/curiosity-rover-mysterious-mushroom-mars/"
"https://ca-times.brightspotcdn.com/dims4/default/56eb2fc/2147483647/strip/true/crop/2336x1226+0+148/resize/1200x630!/quality/75/?url=https%3A%2F%2Fcalifornia-times-brightspot.s3.amazonaws.com%2F5f%2Ffe%2Ff69cf1db488a8d743d54909ec7d4%2Ftr-ca-101-2022-manzanar-112.jpg","Trump bans ‘negative’ signage at national parks, asks visitors to snitch on unpatriotic text","Los Angeles Times","https://www.latimes.com","2025-06-19T10:00:00.000Z","https://www.latimes.com/california/story/2025-06-19/trump-bans-negative-signage-at-national-parks-asks-visitors-to-snitch-on-unpatriotic-text"
"https://images.jpost.com/image/upload/f_auto,fl_lossy/q_auto/c_fill,g_faces:center,h_720,w_1280/668609","Israel-Iran War Live Updates: Iran held talks with US amid conflict","The Jerusalem Post","https://www.jpost.com","2025-06-19T00:00:05.000Z","https://www.jpost.com/israel-news/defense-news/2025-06-19/live-updates-858243"
"https://s.yimg.com/ny/api/res/1.2/IlwSEhgtKiQh64Ius5GS_Q--/YXBwaWQ9aGlnaGxhbmRlcjt3PTEyMDA7aD02NzU-/https://media.zenfs.com/en/popular_mechanics_642/2189d988e76978e3816de5eaead146b5","A Sailor Found a Pitch-Black Iceberg That May Hold Secrets From 100,000 Years Ago","Yahoo","https://www.yahoo.com","2025-06-18T12:00:00.000Z","https://www.yahoo.com/news/sailor-found-pitch-black-iceberg-120000375.html"
"https://www.dexerto.com/cdn-image/wp-content/uploads/2025/06/18/Peter-joins-the-Valley-in-DDV.jpg","How to unlock Peter Pan in Disney Dreamlight Valley","Dexerto","https://www.dexerto.com","2025-06-19T00:40:43.000Z","https://www.dexerto.com/disney-dreamlight-valley/how-to-unlock-peter-pan-in-disney-dreamlight-valley-3216174/"
"https://s.abcnews.com/images/US/abc_news_default_2000x2000_update_16x9_992.jpg","Rare exoplanet discovered in outskirts of the Milky Way","ABC News - Breaking News, Latest News and Videos","https://abcnews.go.com","2025-06-18T17:37:30.000Z","https://abcnews.go.com/Technology/rare-exoplanet-discovered-outskirts-milky/story?id"
"https://www.sammobile.com/wp-content/uploads/2025/05/Galaxy-S22-Ultra-hands-on-review-4-1200x675.jpg","Samsung Galaxy S22 lineup gets June 2025 software update","SamMobile","https://www.sammobile.com","2025-06-19T05:13:00.000Z","https://www.sammobile.com/news/samsung-galaxy-s22-plus-ultra-june-2025-security-update/"
"https://dims.apnews.com/dims4/default/c4db25b/2147483647/strip/true/crop/3000x1688+0+156/resize/1440x810!/quality/90/?url=https%3A%2F%2Fassets.apnews.com%2Fa8%2Fcb%2F370ade1d2a78a955c340e12c247e%2Faba8f400e5564b35a7391e5d1f897ca7","US resumes visas for foreign students but demands access to social media accounts","AP News","https://apnews.com","2025-06-19T03:22:00.000Z","https://apnews.com/article/student-visas-trump-social-media-6632a2c585245edcd6a63594345dd8c7"
"https://dailygalaxy.com/wp-content/uploads/2025/06/Apollo-Mission-Reveals-Moons-Tiny-Orange-Glass-Beads—The-Surprising-Reason-Why.jpg","Apollo Mission Reveals Moon’s Tiny Orange Glass Beads—The Surprising Reason Why","The Daily Galaxy","https://dailygalaxy.com","2025-06-17T19:30:00.000Z","https://dailygalaxy.com/2025/06/apollo-mission-reveals-moons-tiny-orange-glass-beads-the-surprising-reason-why/"
"https://www.detroitnews.com/gcdn/authoring/authoring-images/2025/06/18/PDTN/84266501007-getty-images-2220747579.jpg?crop=7790,4383,x0,y406&width=3200&height=1801&format=pjpg&auto=webp","Slotkin tells Hegseth in heated exchange to 'be a man,' divulge Los Angeles military order","The Detroit News","https://www.detroitnews.com","2025-06-18T21:37:51.000Z","https://www.detroitnews.com/story/news/politics/2025/06/18/elissa-slotkin-pete-hegseth-los-angeles-military-arrest-protesters-trump-shoot-them-in-the-legs/84264122007/"
"https://static.independent.co.uk/2025/06/18/20/12/54371346378-f762763e96-o.jpeg?trim=0,158,0,157&width=1200&height=800&crop=1200:800","The Earth could be soon flung out of orbit or into the sun all thanks to a passing star","The Independent","https://www.independent.co.uk","2025-06-18T21:34:00.000Z","https://www.independent.co.uk/space/earth-star-sun-orbit-b2772672.html"
"https://npr.brightspotcdn.com/dims3/default/strip/false/crop/1024x576+0+53/resize/1400/quality/100/format/jpeg/?url=http%3A%2F%2Fnpr-brightspot.s3.amazonaws.com%2F1d%2F07%2Fb93e9504416d9d835b03b37e7a74%2Fgettyimages-1242850226.jpg","Trump administration cuts specialized suicide prevention service for LGBTQ+ youth","NPR","https://www.npr.org","2025-06-19T02:07:37.000Z","https://www.npr.org/sections/shots-health-news/2025/06/18/nx-s1-5438405/lgbtq-988-lifeline-samhsa-hhs"
"https://www.statnews.com/wp-content/uploads/2025/06/GettyImages-1270517935-1024x576.jpg","Vaccine advisers to consider MMRV vaccines, 'thimerosal containing' flu shots in pared-down meeting","STAT","https://www.statnews.com","2025-06-18T16:47:55.000Z","https://www.statnews.com/2025/06/18/rfk-jr-acip-vaccine-advisers-flu-shots-thimerosal-mmrv-covid-rsv/"
"https://ichef.bbci.co.uk/news/1024/branded_news/a111/live/f5cc0a20-4cca-11f0-9e65-c50fec0dcb9d.jpg","New Zealand halts funding for Cook Islands over China deals","BBC","https://www.bbc.com","2025-06-19T05:07:01.000Z","https://www.bbc.com/news/articles/cy4n30y75n0o"
"https://www.trueachievements.com/imgs/161862/powerwash-simulator-2-gameplay.jpg","New PowerWash Simulator 2 footage showcases its most exciting feature","TrueAchievements","https://www.trueachievements.com","2025-06-19T16:18:22.000Z","https://www.trueachievements.com/news/powerwash-simulator-2-gameplay"
"https://dailygalaxy.com/wp-content/uploads/2025/06/Tiny-Black-Holes-from-the-Big-Bang-May-Have-Grown-Into-Beasts.jpg","Tiny Black Holes from the Big Bang May Have Grown Into Beasts","The Daily Galaxy","https://dailygalaxy.com","2025-06-18T17:00:00.000Z","https://dailygalaxy.com/2025/06/tiny-black-holes-big-bang-grown-beasts/"
"https://assetsio.gnwcdn.com/NR-Everdark-img.jpg?width=1200&height=630&fit=crop&enable=upscale&auto=webp","Elden Ring Nightreign update brings new challenges and a welcome live service twist","Eurogamer","https://www.eurogamer.net","2025-06-19T08:30:28.000Z","https://www.eurogamer.net/elden-ring-nightreign-update-brings-new-challenges-and-a-welcome-live-service-twist"
"https://s.yimg.com/ny/api/res/1.2/7IzJqKp3MhPpn7eEnThGLw--/YXBwaWQ9aGlnaGxhbmRlcjt3PTEyMDA7aD04MDA-/https://media.zenfs.com/en/the_cool_down_737/09f3895d1dad6a52464082205b9879f5","Scientists make mind-blowing discovery after studying material that only exists exists for billionths of a second: 'Previously unimaginable'","Yahoo","https://www.yahoo.com","2025-06-18T11:00:02.000Z","https://www.yahoo.com/news/scientists-mind-blowing-discovery-studying-110002681.html"
"https://i0.wp.com/9to5google.com/wp-content/uploads/sites/4/2024/07/Gboard-on-OnePlus-12.jpg?resize=1200%2C628&quality=82&strip=all&ssl=1","Gboard will integrate with ‘Pixel Sense’ and offer voice ‘Smart Edits’","9to5Google","https://9to5google.com","2025-06-18T21:50:00.000Z","https://9to5google.com/2025/06/18/gboard-pixel-sense/"
"https://www.reuters.com/resizer/v2/O64D34LKXBOJ5DS425CXUEGRKE.jpg?auth=94d6562dd4e1190233a95802a3baa10abfc416548b5b612514f4db4414ed6028&height=1005&width=1920&quality=80&smart=true","Iran held direct talks with US amid intensifying conflict with Israel, diplomats say","Reuters","https://www.reuters.com","2025-06-19T15:23:24.000Z","https://www.reuters.com/world/europe/iran-held-direct-talks-with-us-amid-intensifying-conflict-with-israel-diplomats-2025-06-19/"
"https://static01.nyt.com/images/2025/06/19/multimedia/19israel-iran-intercepters-wtlf/19israel-iran-intercepters-wtlf-videoSixteenByNine3000.jpg","Will Israel’s Interceptors Outlast Iran’s Missiles? The Answer May Shape the War.","The New York Times","https://www.nytimes.com","2025-06-19T09:19:58.000Z","https://www.nytimes.com/2025/06/19/world/middleeast/israel-interceptors-iran-missiles-war-length.html"
"https://scx2.b-cdn.net/gfx/news/2025/scientists-finally-syn.jpg","Successful synthesis of neutral N₆ opens door for future energy storage","Phys.org","https://phys.org","2025-06-18T15:08:13.000Z","https://phys.org/news/2025-06-scientists-stable-neutral-nitrogen-allotrope.html"
"https://scitechdaily.com/images/Tree-Forest-Fog-Carbon-Sequestration-Art-Concept-Illustration.jpg","The Surprising Way Plants May Be Polluting the Air You Breathe","SciTechDaily","https://scitechdaily.com","2025-06-18T08:27:16.000Z","https://scitechdaily.com/the-surprising-way-plants-may-be-polluting-the-air-you-breathe/"
"https://s.abcnews.com/images/US/abc_news_default_2000x2000_update_16x9_992.jpg","Trump has approved US attack plans on Iran but hasn't made final decision, sources say","ABC News - Breaking News, Latest News and Videos","https://abcnews.go.com","2025-06-18T22:41:15.000Z","https://abcnews.go.com/Politics/trump-presented-range-options-iran-sources/story?id"
"https://assets3.thrillist.com/v1/image/3196466/1200x600/crop;;webp=auto;jpeg_quality=85.jpg","Orphan Kitten Clinging To Window Frame Only Had His Reflection For Comfort","The Dodo - For Animal People","https://www.thedodo.com","2025-06-18T18:35:49.000Z","https://www.thedodo.com/daily-dodo/orphan-kitten-clinging-to-window-frame-only-had-his-reflection-for-comfort"
"https://i0.wp.com/9to5google.com/wp-content/uploads/sites/4/2024/07/galaxy-watch-ultra-21.jpg?resize=1200%2C628&quality=82&strip=all&ssl=1","Samsung site hints that One UI Beta for Galaxy Watch is launching soon","9to5Google","https://9to5google.com","2025-06-18T17:25:00.000Z","https://9to5google.com/2025/06/18/galaxy-watch-one-ui-8-watch-beta-forums-launched/"
"https://fdn.gsmarena.com/imgroot/news/25/05/foldable-iphone-two-key-features/-952x498w6/gsmarena_000.jpg","Apple's foldable phone to launch in late 2026, Samsung panels already ordered - GSMArena.com news","GSMArena.com","https://www.gsmarena.com","2025-06-19T13:54:17.000Z","https://www.gsmarena.com/apples_foldable_phone_to_launch_in_late_2026_samsung_panels_already_ordered-news-68325.php"
"https://www.sciencealert.com/images/2025/06/AIassistedBlackHoleReconstructionMW.jpg","Our Galaxy's Monster Black Hole Is Spinning Almost as Fast as Physics Allows","ScienceAlert","https://www.sciencealert.com","2025-06-19T03:35:19.000Z","https://www.sciencealert.com/our-galaxys-monster-black-hole-is-spinning-almost-as-fast-as-physics-allows"
"https://media-cldnry.s-nbcnews.com/image/upload/t_nbcnews-fp-1200-630,f_auto,q_auto:best/rockcms/2025-06/250618-Salt-Lake-City-memorial-ew-656p-6c76ec.jpg","Salt Lake City volunteer's account of deadly shooting questioned after new video emerges","NBC News","https://www.nbcnews.com","2025-06-19T02:21:00.000Z","https://www.nbcnews.com/news/us-news/salt-lake-city-volunteers-account-deadly-shooting-questioned-new-video-rcna213871"
"https://www.usatoday.com/gcdn/authoring/authoring-images/2025/06/18/USAT/84257501007-2218010873.jpg?crop=5040,2836,x0,y220&width=3200&height=1801&format=pjpg&auto=webp","Nearly 3,000 Nintendo Switch 2 consoles stolen in heist","USA Today","https://www.usatoday.com","2025-06-18T14:34:38.000Z","https://www.usatoday.com/story/news/nation/2025/06/18/nintendo-switch-2-consoles-stolen-truck-colorado/84256592007/"
"https://cdn.mos.cms.futurecdn.net/36wqNSGiBwBm8s79zcqvdX.jpg","Bizarre radio signals that defy physics detected under Antarctica: 'It's one of these long-standing mysteries'","Live Science","https://www.livescience.com","2025-06-18T16:30:36.000Z","https://www.livescience.com/physics-mathematics/particle-physics/bizarre-radio-signals-that-defy-physics-detected-under-antarctica-its-one-of-these-long-standing-mysteries"
"https://whyy.org/wp-content/uploads/2025/06/philadelphia-school-district-AP-061825.jpg","Philadelphia teachers have voted to authorize a strike. Here’s what to know","WHYY","https://whyy.org","2025-06-18T18:14:05.000Z","https://whyy.org/articles/philadelphia-teachers-union-strike-2025-pft/"
"https://cff2.earth.com/uploads/2025/06/18125339/nuclear-spins-entangled_dark-state-reached_physics_1m.jpg","Physicists entangle 13,000 nuclear spins, unlocking the power of the 'dark state'","Earth.com","https://www.earth.com","2025-06-18T19:01:39.000Z","https://www.earth.com/news/physicists-entangle-13000-nuclear-spins-unlocking-the-power-of-the-dark-state/"
"https://www.sciencealert.com/images/2025/06/glowbrain.jpg","Your Brain Emits a Secret Light That Scientists Are Trying to Read","ScienceAlert","https://www.sciencealert.com","2025-06-18T02:23:51.000Z","https://www.sciencealert.com/your-brain-emits-a-secret-light-that-scientists-are-trying-to-read"
"https://media.zenfs.com/en/sciencealert_160/99935992a95cf9dafc4f792ccf4ec3fe","First Signs of a 'Ghost' Plume Reshaping Earth Detected Beneath Oman","Yahoo","https://www.yahoo.com","2025-06-18T04:51:00.000Z","https://www.yahoo.com/news/first-signs-ghost-plume-reshaping-045142115.html"
"https://cdn.mos.cms.futurecdn.net/L8hSApv7waF9E5evVd53XX.png","Astronomers discover the largest comet from the outskirts of the solar system is exploding with jets of gas","Space","https://www.space.com","2025-06-19T13:00:00.000Z","https://www.space.com/astronomy/solar-system/astronomers-discover-the-largest-comet-from-the-outskirts-of-the-solar-system-is-exploding-with-jets-of-gas"
"https://dims.apnews.com/dims4/default/6b53ca4/2147483647/strip/true/crop/6000x3375+0+312/resize/1440x810!/quality/90/?url=https%3A%2F%2Fassets.apnews.com%2F3d%2F5e%2F425ce09850c50e5049bc5e0570c2%2F6926058bdaea4e6d83ae65d6c8709c6a","US starts evacuating some diplomats from its embassy in Israel as Iran conflict intensifies","AP News","https://apnews.com","2025-06-19T03:28:00.000Z","https://apnews.com/article/embassy-israel-iran-united-states-7b4ebf294f390b47a5174413d3ef2682"
"https://dailygalaxy.com/wp-content/uploads/2025/06/An-Intact-Dinosaur-Skull-Reveals-a-Previously-Unknown-Sauropod-Species.jpg","An Intact Dinosaur Skull Reveals a Previously Unknown Sauropod Species","The Daily Galaxy","https://dailygalaxy.com","2025-06-17T18:30:00.000Z","https://dailygalaxy.com/2025/06/intact-dinosaur-skull-unknown-sauropod/"
"https://indiandefencereview.com/wp-content/uploads/2025/06/scientists-stunned-by-fossil-of-the-largest-salamander-ever-discovered.jpg","Scientists Stunned by Fossil of the Largest Salamander Ever Discovered","Indian Defence Review","https://indiandefencereview.com","2025-06-18T16:15:00.000Z","https://indiandefencereview.com/fossil-largest-salamander-ever-discovered/"
"https://www.thetransmitter.org/wp-content/uploads/2025/06/cropped-525-social-stroke-paper-expression-of-concern.png","Exclusive: Issues with dozens of papers prompt inquiry into prolific stroke researcher","The Transmitter","https://www.thetransmitter.org","2025-06-18T13:30:46.000Z","https://www.thetransmitter.org/publishing/exclusive-issues-with-dozens-of-papers-prompt-inquiry-into-prolific-stroke-researcher/"
"https://media.cnn.com/api/v1/images/stellar/prod/gettyimages-2213258043.jpg?c=16x9&q=w_800,c_fill","DHS issues new guidance for lawmakers visiting ICE facilities after tense confrontations","CNN","https://www.cnn.com","2025-06-19T14:16:00.000Z","https://www.cnn.com/2025/06/19/politics/dhs-ice-visits-congress-lawmakers"
"https://scx2.b-cdn.net/gfx/news/hires/2025/advancing-nuclear-fiss.jpg","5D model accurately predicts nuclear fission in elements beyond uranium and plutonium","Phys.org","https://phys.org","2025-06-18T17:13:04.000Z","https://phys.org/news/2025-06-5d-accurately-nuclear-fission-elements.html"
"https://cdn.mos.cms.futurecdn.net/VrhDCcgedExt8hnRgMrD6U.jpg","NASA satellite sees sea ice crack apart in Canada photo of the day for June 18, 2025","Space","https://www.space.com","2025-06-18T16:00:00.000Z","https://www.space.com/astronomy/earth/nasa-satellite-sees-sea-ice-crack-apart-in-canada-space-photo-of-the-day-for-june-18-2025"
"https://dailygalaxy.com/wp-content/uploads/2025/06/The-Possible-Face-in-Antarctica-appears-on-Google-Earth.jpg","These 7 Terrifying Places Visible on Google Maps Are Spine-Chilling — They Hide Mysterious Secrets You Never Expected","The Daily Galaxy","https://dailygalaxy.com","2025-06-18T14:00:00.000Z","https://dailygalaxy.com/2025/06/these-7-terrifying-places-visible-on-google-maps-are-spine-chilling-they-hide-mysterious-secrets-you-never-expected/"
"https://centerforpolitics.org/crystalball/wp-content/uploads/2025/06/JMC2025061801_Map-1_600.png","Friends, Neighbors, and Unfriendly Neighbors in Virginia’s Wild Democratic Statewide Primaries","Center For Politics","https://centerforpolitics.org","2025-06-18T16:11:33.000Z","https://centerforpolitics.org/crystalball/2025virginiademprimary/"
"https://cdn.mos.cms.futurecdn.net/8dcbnFdk2zw7v5KE9VVWcU.jpg","ChatGPT can now send reminders and set to-do lists — use these prompts for maximum productivity","Tom's Guide","https://www.tomsguide.com","2025-06-19T04:30:58.000Z","https://www.tomsguide.com/ai/chatgpt-can-send-reminders-and-set-to-do-lists-use-these-four-prompts-for-maximum-productivity"
"https://static01.nyt.com/images/2025/06/19/world/19int-ukraine-american/19int-ukraine-american-videoSixteenByNineJumbo1600.jpg","This Oregon Native Went to Kyiv as a Volunteer. He Died in a Russian Attack.","The New York Times","https://www.nytimes.com","2025-06-19T10:46:27.000Z","https://www.nytimes.com/2025/06/19/world/europe/ukraine-russia-war-american-fred-grandy.html"
"https://images.theconversation.com/files/674854/original/file-20250617-56-1p77i3.png?ixlib=rb-4.1.0&rect=0%2C205%2C1993%2C996&q=45&auto=format&w=1356&h=668&fit=crop","How pterosaurs learned to fly: scientists have been looking in the wrong place to solve this mystery","The Conversation","https://theconversation.com","2025-06-18T09:27:02.000Z","https://theconversation.com/how-pterosaurs-learned-to-fly-scientists-have-been-looking-in-the-wrong-place-to-solve-this-mystery-259063"
"https://image.cnbcfm.com/api/v1/image/108003184-1720537744351-Samsung_Z_Fold6_Cover_Image.jpg?v=1720627873&w=1920&h=1080","Samsung aims to catch up to Chinese rivals for thin foldable phones as Apple said to enter the fray","CNBC","https://www.cnbc.com","2025-06-19T11:34:22.000Z","https://www.cnbc.com/2025/06/19/samsung-aims-to-catch-up-chinese-rivals-for-thin-foldable-phones.html"
"https://i.kinja-img.com/image/upload/c_fill,h_675,pg_1,q_80,w_1200/49a1cc954436c9e8bea1b56d5b9dda36.webp","The Nintendo Console Launches, Ranked From Worst To Best","Kotaku","https://kotaku.com","2025-06-19T14:30:00.000Z","https://kotaku.com/nintendo-switch-2-console-launch-wii-gamecube-nes-snes-1851784781"
"https://www.eatingwell.com/thmb/LdS7iX4mwO4MlaruySMV2GONd6c=/1500x0/filters:no_upscale():max_bytes(150000):strip_icc()/10-Eating-Changes-You-Should-Make-When-You-Turn-50-5f692746f4414af3b0fb6559290ca050.jpg","10 Eating Changes to Make When You Turn 50, According to Science","EatingWell","https://www.eatingwell.com","2025-06-19T01:58:00.000Z","https://www.eatingwell.com/eating-changes-to-make-at-50-11757224"
"https://www.nasa.gov/wp-content/uploads/2025/06/screenshot-2025-06-18-at-10-58-55 am.png","NASA to Gather In-Flight Imagery of Commercial Test Capsule Re-Entry","NASA (.gov)","https://www.nasa.gov","2025-06-18T17:22:05.000Z","https://www.nasa.gov/centers-and-facilities/langley/nasa-to-gather-in-flight-imagery-of-commercial-test-capsule-re-entry/"
"https://cdn.mos.cms.futurecdn.net/krnKn9GYriTtHXqvaidRRd.jpg","Mars joins the Spring Triangle this week: Here’s when and how to see it","Space","https://www.space.com","2025-06-18T19:00:00.000Z","https://www.space.com/stargazing/mars-joins-the-spring-triangle-this-week-heres-when-and-how-to-see-it"
"https://indiandefencereview.com/wp-content/uploads/2025/06/discovery-of-rare-sperm-whale-tooth-unlocks-secrets-of-ancient-human-sea-relationships.jpg","Discovery of Rare Sperm Whale Tooth Unlocks Secrets of Ancient Human-Sea Relationships!","Indian Defence Review","https://indiandefencereview.com","2025-06-18T15:15:00.000Z","https://indiandefencereview.com/discovery-of-rare-sperm-whale-tooth/"
"https://scitechdaily.com/images/Blue-DNA-Double-Helix.jpg","“Jumping Genes” Found Hijacking Cell Division To Rewrite Human DNA","SciTechDaily","https://scitechdaily.com","2025-06-18T13:07:23.000Z","https://scitechdaily.com/jumping-genes-found-hijacking-cell-division-to-rewrite-human-dna/"
"https://images.rpgsite.net/articles/thumbnail/da49c9a1/17744/original/raidou-remastered-switch-vs-switch-2-comparison-review-thumb.jpg","We compare Raidou Remastered on Switch 2, Steam Deck, Switch 1, & ROG Ally covering visuals and performance","RPG Site","https://www.rpgsite.net","2025-06-18T14:04:14.000Z","https://www.rpgsite.net/feature/17744-raidou-remastered-switch-2-vs-switch-vs-steam-deck-pc-port-best-version-rog-ally"
"https://cff2.earth.com/uploads/2025/06/16074047/nasa-more-supermassive-black-holes.jpg","Supermassive black holes are much more common in the universe than believed","Earth.com","https://www.earth.com","2025-06-18T14:50:56.000Z","https://www.earth.com/news/supermassive-black-holes-are-much-more-common-in-the-universe-than-believed/"
"https://cdn.mos.cms.futurecdn.net/cq3pbDFi9FEMqgaZajxubG.jpg","Over 70? Not walking or swimming — research suggests this is the best low-impact exercise to try","Tom's Guide","https://www.tomsguide.com","2025-06-18T12:13:13.000Z","https://www.tomsguide.com/wellness/fitness/over-70-not-walking-or-swimming-research-suggests-this-is-the-best-low-impact-exercise-to-try"
"https://images.purexbox.com/7df8fce8fab3c/large.jpg","Report: Xbox Working On Massive Backwards Compatibility Overhaul Called 'Xbox Classics'","Pure Xbox","https://www.purexbox.com","2025-06-19T14:41:00.000Z","https://www.purexbox.com/news/2025/06/report-xbox-working-on-massive-backwards-compatibility-overhaul-called-xbox-classics"
"https://assets.iflscience.com/assets/articleNo/79651/aImg/84547/earth-meta.jpg","You Can Watch 1.8 Billion Years Of Earth's Tectonic Plates Shifting In This 1-Minute Video","IFLScience","https://www.iflscience.com","2025-06-17T17:10:25.000Z","https://www.iflscience.com/you-can-watch-18-billion-years-of-earths-tectonic-plates-shifting-in-this-1-minute-video-79651"
"https://cff2.earth.com/uploads/2025/06/17170629/iron-ore_deep-blue_Hamersley-Province_credit-Curtin-University_1.jpg","Earth's largest iron ore deposits exposed a 1.3-billion-year-old secret to geologists","Earth.com","https://www.earth.com","2025-06-19T15:16:45.000Z","https://www.earth.com/news/earths-largest-iron-ore-deposits-reveal-a-1-3-billion-year-old-secret/"
"https://dailygalaxy.com/wp-content/uploads/2025/06/Scientists-Stunned-by-Antarcticas-‘Wound-Spilling-a-Blood-Red-Waterfall.jpg","Scientists Stunned by Antarctica’s ‘Wound’ Spilling a ‘Blood-Red’ Waterfall","The Daily Galaxy","https://dailygalaxy.com","2025-06-18T18:30:00.000Z","https://dailygalaxy.com/2025/06/antarctica-blood-red-waterfall/"
"https://dailygalaxy.com/wp-content/uploads/2025/06/A-group-of-scientists-in-orange-suits-taking-from-the-melting-glacier-water.jpg","Greenland’s Ice Sheet Reveals an Unexpected Discovery That Researchers Never Saw Coming","The Daily Galaxy","https://dailygalaxy.com","2025-06-18T11:15:00.000Z","https://dailygalaxy.com/2025/06/greenlands-ice-sheet-reveals-an-unexpected-discovery-that-researchers-never-saw-coming/"
"https://dailygalaxy.com/wp-content/uploads/2025/06/If-Its-A-New-Species-It-Will-Carry-Our-Name-This-Couples-Discovery-May-Be-The-Next-Scientific-Breakthrough.jpg","“If It's A New Species, It Will Carry Our Name”: This Couple's Discovery May Be The Next Scientific Breakthrough","The Daily Galaxy","https://dailygalaxy.com","2025-06-17T17:00:00.000Z","https://dailygalaxy.com/2025/06/if-its-a-new-species-it-will-carry-our-name-this-couples-discovery-may-be-the-next-scientific-breakthrough/"
"https://static01.nyt.com/images/2025/06/18/multimedia/18iran-ledeall-1-htbf/18iran-ledeall-1-htbf-videoSixteenByNine3000.jpg","Iran Rejects Trump’s Call for ‘Surrender’ in War With Israel","The New York Times","https://www.nytimes.com","2025-06-18T21:43:41.000Z","https://www.nytimes.com/2025/06/18/world/middleeast/israel-iran-war-us.html"
"https://bigthink.com/wp-content/uploads/2025/06/Hubbles-Great-DiscoveryConcealedaTension-ezgif.com-webp-to-jpg-converter.jpg?resize=1200,630","Is the Hubble tension real? Exclusive interview with Wendy Freedman","Big Think","https://bigthink.com","2025-06-18T06:00:00.000Z","https://bigthink.com/starts-with-a-bang/hubble-tension-real-interview-wendy-freedman/"
"https://techcrunch.com/wp-content/uploads/2025/02/GettyImages-2196352264.jpg?w=1024","Google’s AI Mode can now have back-and-forth voice conversations","TechCrunch","https://techcrunch.com","2025-06-18T16:00:00.000Z","https://techcrunch.com/2025/06/18/googles-ai-mode-can-now-have-back-and-forth-voice-conversations/"
"https://www.sciencealert.com/images/2025/06/scholzs_star_header.jpg","Did a Passing Star Cause Earth to Warm 56 Million Years Ago?","ScienceAlert","https://www.sciencealert.com","2025-06-18T01:02:08.000Z","https://www.sciencealert.com/did-a-passing-star-cause-earth-to-warm-56-million-years-ago"
"https://static01.nyt.com/images/2025/06/19/multimedia/19russia-economic-conference-01-fcbq/19russia-economic-conference-01-fcbq-videoSixteenByNine3000.jpg","No Rock Stars, No Mercedes: A Russian Expo Shows the Cost of Divorce With the West","The New York Times","https://www.nytimes.com","2025-06-19T09:58:23.000Z","https://www.nytimes.com/2025/06/19/world/europe/russia-ukraine-economic-forum-st-petersburg.html"
"https://www.economist.com/content-assets/images/20250621_WWD000.png","The weekly cartoon","The Economist","https://www.economist.com","2025-06-19T12:57:40.000Z","https://www.economist.com/the-world-this-week/2025/06/19/the-weekly-cartoon"
"https://images.nintendolife.com/4a26fac0bfc3a/large.jpg","Fantasy Life i Scores Another Switch 1 & 2 Update, Here Are The Full Patch Notes","Nintendo Life","https://www.nintendolife.com","2025-06-19T09:00:00.000Z","https://www.nintendolife.com/news/2025/06/fantasy-life-i-scores-another-switch-1-and-2-update-here-are-the-full-patch-notes"
"https://www.rudebaguette.com/wp-content/uploads/2025/06/quantum-revolution-unleashed-scientists-develop-mind-blowing-technique-to-insert-and-monitor-quantum-defects-in-real-time-with-unprecedented-precision.jpg","Quantum Control Breakthrough: New Method Lets Scientists Insert and Observe Atomic Defects in Real Time With Stunning Accuracy","Rude Baguette","https://www.rudebaguette.com","2025-06-18T14:09:27.000Z","https://www.rudebaguette.com/en/2025/06/quantum-control-breakthrough-new-method-lets-scientists-insert-and-observe-atomic-defects-in-real-time-with-stunning-accuracy/"
"https://indiandefencereview.com/wp-content/uploads/2025/06/the-large-hadron-collider-at-geneva-switzerland.jpg","The End of Solar Power: Japan Builds a Nuclear Battery That Could Outlast Solar Power by More Than 100 Years","Indian Defence Review","https://indiandefencereview.com","2025-06-18T11:00:00.000Z","https://indiandefencereview.com/the-end-of-solar-power-japan-builds-a-nuclear-battery-that-could-outlast-solar-power-by-more-than-100-years/"
,"Behind the Curtain: Trump's gut-check","Axios","https://www.axios.com","2025-06-19T12:23:46.000Z","https://www.axios.com/2025/06/19/trump-deportation-farm-hotel-workers"
,"U.S. v. Skrmetti: How the Transgender Rights Movement Bet on the Supreme Court and Lost","The New York Times","https://www.nytimes.com","2025-06-19T09:00:19.000Z","https://www.nytimes.com/2025/06/19/magazine/scotus-transgender-care-tennessee-skrmetti.html"
"https://static01.nyt.com/images/2025/06/19/nyregion/19met-intifada/19met-intifada-videoSixteenByNine3000.jpg","Mamdani’s Comment on ‘Intifada’ Motto Fuels Tension in Mayor’s Race","The New York Times","https://www.nytimes.com","2025-06-19T07:00:17.000Z","https://www.nytimes.com/2025/06/19/nyregion/mamdani-globalize-intifada.html"
,"‘Weak,’ ‘whiny’ and ‘invisible’: Critics of DNC Chair Ken Martin savage his tenure","Politico","https://www.politico.com","2025-06-19T09:55:00.000Z","https://www.politico.com/news/2025/06/19/dnc-chair-ken-martin-infighting-00413409"
"https://imageio.forbes.com/specials-images/imageserve/68540d307f3cf3aa7a4d16ee/0x0.jpg?format=jpg&height=900&width=1600&fit=bounds","Switch 2 ‘Zelda’ Dethrones ‘Expedition 33’ On Metacritic, Which Doesn’t Count","Forbes","https://www.forbes.com","2025-06-19T13:17:16.000Z","https://www.forbes.com/sites/paultassi/2025/06/19/switch-2-zelda-dethrones-expedition-33-on-metacritic-which-doesnt-count/"
"https://s.yimg.com/ny/api/res/1.2/Q3uRk_IKjdJGPHpwfajsVQ--/YXBwaWQ9aGlnaGxhbmRlcjt3PTEyMDA7aD02NzU-/https://media.zenfs.com/en/popular_mechanics_642/a6decc1ca07c4fb3e24bd93c163a671b","A Ghost Particle Flew Through Earth. It Might Have Come From Dark Matter.","Yahoo","https://www.yahoo.com","2025-06-18T12:30:00.000Z","https://www.yahoo.com/news/ghost-particle-flew-earth-might-123000493.html"
"https://www.trueachievements.com/imgs/161721/bungie-indefinitely-delays-marathon-following-negative-player-feedback.jpg","Bungie indefinitely delays Marathon following negative feedback","TrueAchievements","https://www.trueachievements.com","2025-06-18T10:43:31.000Z","https://www.trueachievements.com/news/marathon-delayed"
,"Is the Stock Market Open Today? Here Are the Trading Hours for Juneteenth.","Barron's","https://www.barrons.com","2025-06-19T10:00:00.000Z","https://www.barrons.com/articles/stock-market-open-closed-today-hours-juneteenth-f6712da7"
,"Seth Meyers Wishes Tucker Carlson and Ted Cruz Could Both Lose","The New York Times","https://www.nytimes.com","2025-06-19T07:08:21.000Z","https://www.nytimes.com/2025/06/19/arts/television/seth-meyers-tucker-carlson-ted-cruz.html"
,"Boeing 787 Crash: What We Know and What Comes Next","Barron's","https://www.barrons.com","2025-06-19T12:59:00.000Z","https://www.barrons.com/articles/boeing-stock-india-787-crash-6da34669"
,"William G. Young, a Reagan-Appointed Judge, Is Fast-Tracking Trump to Trial","The New York Times","https://www.nytimes.com","2025-06-19T12:01:00.000Z","https://www.nytimes.com/2025/06/18/us/politics/judge-william-g-young-trump.html"
,"‘We will not rubberstamp’ Trump on Iran strikes, top Dems say","Politico","https://www.politico.com","2025-06-19T00:58:41.000Z","https://www.politico.com/live-updates/2025/06/18/congress/we-will-not-rubberstamp-trump-on-strikes-against-iran-top-dems-say-00414050"
,"Megabill debt warnings fall on deaf ears inside the GOP","Politico","https://www.politico.com","2025-06-18T23:00:00.000Z","https://www.politico.com/news/2025/06/18/megabill-debt-warnings-fall-on-deaf-ears-inside-the-gop-00413898"
,"Cuomo holds sizable lead over Mamdani in new NYC mayor poll","Axios","https://www.axios.com","2025-06-18T09:46:33.000Z","https://www.axios.com/2025/06/18/mamdani-cuomo-nyc-mayor-marist-poll"
,"Scoop: House Democrats probe FBI handcuffing of Sen. Alex Padilla","Axios","https://www.axios.com","2025-06-19T10:13:55.000Z","https://www.axios.com/2025/06/18/padilla-handcuff-investigate-fbi-raskin-democrats"
,"MAGA allies deride attacking Iran — but won’t criticize Trump directly","Politico","https://www.politico.com","2025-06-18T21:26:28.000Z","https://www.politico.com/news/2025/06/18/trump-iran-conservatives-maga-00413634"
,"Trump Weighs U.S. Attacks on Iran, Russia Warns Against Intervention","Barron's","https://www.barrons.com","2025-06-19T16:29:00.000Z","https://www.barrons.com/articles/israel-iran-trump-attack-us-war-6f3759e7"
"https://gizmodo.com/app/uploads/2025/01/AirPods-2-Pro-1200x675.jpg","AirPods Pro 2 Are Back at Their Lowest Price as Apple Clears Out Limited Stock on Amazon","Gizmodo","https://gizmodo.com","2025-06-18T12:10:04.000Z","https://gizmodo.com/airpods-pro-2-are-back-at-their-lowest-price-as-apple-clears-out-limited-stock-on-amazon-2000617233"
,"Japan has found the holy grail of electrolysis: a cheap metal that can produce 1,000% more hydrogen.","Farmingdale Observer","https://farmingdale-observer.com","2025-06-19T12:15:00.000Z","https://farmingdale-observer.com/2025/06/19/japan-has-found-the-holy-grail-of-electrolysis-a-cheap-metal-that-can-produce-1000-more-hydrogen/"
,"Rocket League Patch Notes v2.53","Rocket League","https://www.rocketleague.com","2025-06-17T23:05:04.000Z","https://www.rocketleague.com/en/news/rocket-league-patch-notes-v2-53"
,"Israel says destroyed Iran’s ‘internal security headquarters’","Al Arabiya English","https://english.alarabiya.net","2025-06-18T13:56:34.000Z","https://english.alarabiya.net/News/middle-east/2025/06/18/multiple-blasts-heard-in-tehran-black-smoke-visible-in-east-afp-"
"https://rockstarintel.com/wp-content/uploads/2025/06/e45f85f2ce4f60129a7ad8faa6db93e0c00677b4-scaled.jpg","PlayStation Plus Requirement Removed For GTA Online Money Fronts Update","RockstarINTEL","https://rockstarintel.com","2025-06-18T15:24:50.000Z","https://rockstarintel.com/playstation-plus-requirement-removed-for-gta-online-money-fronts-update/"
"https://www.phoronix.net/image.php?id=framework-laptop-12&image=framework_12_1","Framework Laptop 12: An Upgrade-Friendly, Convertible 2-in-1 Linux Laptop Review","Phoronix","https://www.phoronix.com","2025-06-18T15:00:00.000Z","https://www.phoronix.com/review/framework-laptop-12"
"https://cdn.mos.cms.futurecdn.net/pMtR5jpmiPLP8viJzS8cX7.jpg","Xbox has turned a corner — the future for Microsoft's gaming platform once again looks incredibly bright","Windows Central","https://www.windowscentral.com","2025-06-18T13:21:46.000Z","https://www.windowscentral.com/gaming/xbox/xbox-has-turned-a-corner-the-future-for-microsofts-gaming-platform-once-again-looks-incredibly-bright"
"https://cdn.mos.cms.futurecdn.net/EzLenBX6fbFWSDy699xrdT.jpg","Northern lights may be visible in these 9 US States tonight (June 19-20)","Space","https://www.space.com","2025-06-19T12:48:44.000Z","https://www.space.com/stargazing/auroras/northern-lights-may-be-visible-in-these-9-us-states-tonight"
"https://www.androidauthority.com/wp-content/uploads/2025/03/google-pixel-9-pro-revisit-11-scaled.jpeg","Android 16 for Pixels brings too many bugs for a 'stable' update, but at least one is getting fixed","Android Authority","https://www.androidauthority.com","2025-06-19T10:27:08.000Z","https://www.androidauthority.com/google-pixel-android-16-slow-wake-up-many-bugs-3568957/"
"https://assetsio.gnwcdn.com/FFT_TIC_mediakit_15-(1).png?width=1200&height=630&fit=crop&enable=upscale&auto=webp","Final Fantasy Tactics remade ""by sheer force"", as original source code no longer exists","Eurogamer","https://www.eurogamer.net","2025-06-18T09:14:39.000Z","https://www.eurogamer.net/final-fantasy-tactics-remade-by-sheer-force-as-original-source-code-no-longer-exists"
"https://www.videogameschronicle.com/files/2025/06/Borderlands-4-9.jpg","Gearbox talks Borderlands 4: Exploration, fixing the meme humor, and entering the series’ ‘Simpsons Era’","Video Games Chronicle","https://www.videogameschronicle.com","2025-06-18T13:00:03.000Z","https://www.videogameschronicle.com/features/gearbox-talks-borderlands-4-exploration-fixing-the-meme-humor-and-entering-the-series-simpsons-era/"
"https://comicbook.com/wp-content/uploads/sites/4/2025/04/Sonic-the-Hedgehog-4-game.jpg?resize=2000,1125","Sega Makes Classic Sonic the Hedgehog Games and More Totally Free Ahead of Delisting","ComicBook.com","https://comicbook.com","2025-06-18T20:59:14.000Z","https://comicbook.com/gaming/news/sega-sonic-the-hedgehog-classic-games-completely-free/"
"https://nintendoeverything.com/wp-content/uploads/Animal-Crossing-New-Horizons-2.0.8-update.jpg","Animal Crossing: New Horizons 2.0.8 update out now, patch notes","Nintendo Everything","https://nintendoeverything.com","2025-06-19T01:40:36.000Z","https://nintendoeverything.com/animal-crossing-new-horizons-2-0-8-update-out-now-patch-notes/"
"https://cdn.vox-cdn.com/thumbor/394CJfA8LqfN4eWcZrOyjPuIbjs=/0x0:1200x628/fit-in/1200x630/cdn.vox-cdn.com/uploads/chorus_asset/file/25422331/cAG3azKINTM2Ct4t.jpg","Tony Khan says he’ll never take a bump again after getting hit with ‘the deadliest move’ in AEW","Cageside Seats","https://www.cagesideseats.com","2025-06-18T21:00:00.000Z","https://www.cagesideseats.com/aew/2025/6/18/24451772/tony-khan-out-for-life-physically-involved-pro-wrestling-moves-bumps-spike-piledriver-neck-brace-aew"
"https://bgr.com/wp-content/uploads/2025/04/Nintendo-Switch-2-Welcome-Tour-1.jpg?quality=82&strip=all","Nintendo just banned a ton of Switch 2 consoles, turning them into offline-only bricks","Boy Genius Report","https://bgr.com","2025-06-18T11:51:00.000Z","https://bgr.com/tech/nintendo-bans-switch-2-consoles-after-mig-hacks-turning-them-into-offline-only-bricks/"
"https://gameinformer.com/sites/default/files/styles/thumbnail/public/2025/06/17/f7d26ced/warnerbrosgameslogo.jpg","Warner Bros. Games Restructures Into Divisions Centered On Core Franchises","Game Informer","https://gameinformer.com","2025-06-17T22:36:24.000Z","https://gameinformer.com/2025/06/17/warner-bros-games-restructures-into-divisions-centered-on-core-franchises"
"https://imgix.bustle.com/uploads/image/2025/6/17/6b7ab3e8/red-dead-2-arthur.jpeg?w=1200&h=630&fit=crop&crop=focalpoint&fm=jpg&fp-x=0.4424&fp-y=0.3653","Looks Like 'Red Dead Redemption 2' Is Getting That Big Update After All","Inverse","https://www.inverse.com","2025-06-17T19:09:02.000Z","https://www.inverse.com/gaming/red-dead-redemption-2-big-update-news"
"https://techcrunch.com/wp-content/uploads/2024/12/GettyImages-2021258442.jpg?resize=1200,800","OpenAI found features in AI models that correspond to different ‘personas’","TechCrunch","https://techcrunch.com","2025-06-18T17:10:58.000Z","https://techcrunch.com/2025/06/18/openai-found-features-in-ai-models-that-correspond-to-different-personas/"
"https://www.videogameschronicle.com/files/2024/10/mindseye-c.jpg","MindsEye’s second hotfix is now live as its developer races to fix its disastrous launch","Video Games Chronicle","https://www.videogameschronicle.com","2025-06-18T15:11:12.000Z","https://www.videogameschronicle.com/news/mindseyes-second-hotfix-is-now-live-as-its-developer-races-to-fix-its-disastrous-launch/"
"https://nintendoeverything.com/wp-content/uploads/Nintendo-Switch-update-20.1.5.jpg","Nintendo Switch 2 and Switch update 20.1.5 out now, patch notes","Nintendo Everything","https://nintendoeverything.com","2025-06-19T01:09:25.000Z","https://nintendoeverything.com/nintendo-switch-2-switch-update-20-1-5-out-now-patch-notes/"
"https://i.kinja-img.com/image/upload/c_fill,h_675,pg_1,q_80,w_1200/b3d71003cccf74e54fbd12297774f3ae.jpg","Elden Ring Nightreign Is Lying To You About How Long It Takes To Revive Someone And It's Not Even Close","Kotaku","https://kotaku.com","2025-06-18T19:40:00.000Z","https://kotaku.com/elden-ring-nightreign-revive-faster-tips-three-bars-1851784771"
"https://lifehacker.com/imagery/articles/01JY1ZM9Y5D1MEP8CHQGGYWVG2/hero-image.fill.size_1200x675.jpg","All the New CarPlay Features in iOS 26","Lifehacker","https://lifehacker.com","2025-06-18T23:30:00.000Z","https://lifehacker.com/tech/all-the-new-carplay-features-in-ios-26"
